Unnamed: 0,trans_date_trans_time,cc_num,merchant,category,amt,first,last,gender,street,city,state,zip,lat,long,city_pop,job,dob,trans_num,unix_time,merch_lat,merch_long,is_fraud
192,2020-06-21 13:18:52,3575540972310993,fraud_Kihn Inc,shopping_pos,9.15,Rachel,Villarreal,F,250 Carrie Throughway,University,MS,38677,34.3396,-89.5736,4198,Curator,2001-06-22,925ac4268c05cdddde79f97574621117,1371820732,34.050515000000004,-89.005628,0
389,2020-06-21 14:25:44,213178765398315,"fraud_Hintz, Bauch and Smith",health_fitness,189.64,Alan,Colon,M,748 Bryan Fields Suite 935,Riverton,WY,82501,43.0351,-108.2024,19408,"Lecturer, higher education",1993-09-11,2a342ddff1700bbea0aa6cfbc2215c6e,1371824744,43.890405,-108.059406,0
407,2020-06-21 14:31:28,3502088871723054,fraud_Altenwerth-Kilback,home,27.12,Scott,Martin,M,31472 Cody Place Suite 740,Kensington,MD,20895,39.0298,-77.0793,19054,Operations geologist,1976-09-08,c3939b412c44c4eece77f4a527479629,1371825088,38.311119,-78.008794,0
281,2020-06-21 13:49:06,4873783502705038,fraud_Bogisich-Weimann,kids_pets,73.52,Elizabeth,Maxwell,F,194 Goodman Fall Apt. 569,Burlington,WA,98233,48.4786,-122.3345,14871,Public house manager,1974-03-10,b59b04cb8a30c0009125c8a40ab671da,1371822546,48.171411,-121.732777,0
402,2020-06-21 14:29:54,3543299015720986,fraud_Reilly LLC,home,109.09,Angela,White,F,137 Adam Dale,Lebanon,VA,24266,36.8809,-82.0956,9521,"Teacher, English as a foreign language",1977-10-19,69052bb8cc7abe97c7d3b708219b52e7,1371824994,37.852809,-81.248184,0
216,2020-06-21 13:26:56,3596217206093829,"fraud_Welch, Rath and Koepp",entertainment,51.75,Sara,Ramirez,F,23843 Scott Island,Birmingham,IA,52535,40.8626,-91.9534,888,Camera operator,1988-03-25,d43c298b51ab1ab7125e9233b79844fc,1371821216,40.049524,-92.471643,0
476,2020-06-21 14:58:31,3567879740649740,fraud_Ratke and Sons,health_fitness,14.89,Tanya,Williams,F,566 Megan Well,Brownville,NY,13615,44.0577,-76.0196,1271,"Producer, radio",1958-08-14,fd75fcbc0d725eb7578e36d052551995,1371826711,44.068256,-76.909719,0
7,2020-06-21 12:15:50,3589289942931264,fraud_Reichel LLC,personal_care,10.37,Paula,Estrada,F,350 Stacy Glens,Spencer,SD,57374,43.7557,-97.5936,343,"Development worker, international aid",1972-03-05,8be473af4f05fc6146ea55ace73e7ca2,1371816950,44.495498,-97.728453,0
67,2020-06-21 12:34:07,3502377050801561,fraud_Ziemann-Waters,health_fitness,181.87,Kathleen,Martin,F,659 Nicole Cove Suite 560,New Waverly,TX,77358,30.5354,-95.4532,4993,"Scientist, biomedical",1948-11-30,a6dd646fb7f598d3545ade098183cbbd,1371818047,31.152375,-95.272196,0
207,2020-06-21 13:23:07,6554245334757802,fraud_Renner Ltd,home,70.59,Monique,Robinson,F,07712 Marcus Divide Apt. 831,Laguna Hills,CA,92637,33.615,-117.7114,45303,Sales executive,1969-12-22,71cd800d867bf4cde3ee1cdef26b2f07,1371820987,33.838915,-118.103495,0
208,2020-06-21 13:24:28,3557442674264531,fraud_Cartwright PLC,kids_pets,111.57,Angela,Edwards,F,486 Wilkins Pines,Lithopolis,OH,43136,39.8013,-82.8125,460,"Lecturer, higher education",2004-06-19,141db8af987da5cf06bc853a20f51e6a,1371821068,40.706719,-82.083434,0
288,2020-06-21 13:52:12,4302480582202074,fraud_Kozey-McDermott,travel,2.91,David,Rodriguez,M,821 Solis Points,Muskegon,MI,49440,43.2326,-86.2492,128715,Historic buildings inspector/conservation officer,1995-05-25,56639740dd1bfeeb2493084fa70b0b7b,1371822732,43.666893,-85.285981,0
371,2020-06-21 14:19:25,2720830304681674,"fraud_Koss, Hansen and Lueilwitz",home,28.5,Melissa,Aguilar,F,21326 Taylor Squares Suite 708,Clarksville,TN,37040,36.522,-87.34899999999999,151785,Pathologist,1974-03-28,ece7f3dcb81b2fef36f0eb5276dda78b,1371824365,36.537996,-86.740678,0
243,2020-06-21 13:35:34,4952583804639909,fraud_Erdman-Durgan,health_fitness,3.19,Patricia,Rodriguez,F,386 Randolph Throughway,Warren,OH,44483,41.2639,-80.8164,75903,Magazine features editor,1957-04-05,0cd47cfd7aee7c6d7b69877f3660ef11,1371821734,42.143827,-79.879829,0
108,2020-06-21 12:47:35,676195318214,"fraud_Baumbach, Strosin and Nicolas",shopping_pos,9.63,Brandy,Quinn,F,9734 Beard Fields Suite 885,Altair,TX,77412,29.6047,-96.5249,106,"Editor, film/video",1983-07-24,079d03199dc2ffb7c43dd5eb385a73ce,1371818855,29.472265000000004,-96.14221,0
334,2020-06-21 14:07:05,4538566639857,"fraud_Hahn, Douglas and Schowalter",travel,7.4,Jerry,Kelly,M,3539 Mckenzie Stream,Fairview,NJ,7022,40.817,-74.0,13835,"Programmer, multimedia",1967-05-28,f5d5b615219b84592deb6b63a606d7c4,1371823625,40.890387,-74.84706700000001,0
434,2020-06-21 14:42:36,4736845434667908128,fraud_Crona and Sons,kids_pets,103.54,Toni,Gomez,F,062 Carl Dam,Altona,NY,12910,44.8816,-73.6408,2148,"Surveyor, land/geomatics",1953-05-23,a73b532566688d52d443b6e511066443,1371825756,44.474407,-74.63523599999999,0
309,2020-06-21 13:59:12,348253506557335,fraud_Lubowitz-Walter,kids_pets,84.17,Thomas,Gibson,M,32745 Silva Springs Suite 040,Grand Bay,AL,36541,30.4983,-88.3282,15647,Armed forces logistics/support/administrative officer,1948-03-22,5e0db46452a842497a380779c59a1e00,1371823152,29.97558,-87.69089100000001,0
161,2020-06-21 13:07:39,180094419304907,fraud_Runte-Mohr,food_dining,74.93,Sharon,Smith,F,17666 David Valleys,Sun City,CA,92585,33.7467,-117.1721,54287,"Designer, exhibition/display",1972-09-22,32d09af0255fb72c82da7191246d8205,1371820059,32.811948,-117.597983,0
148,2020-06-21 13:01:29,6593250708747804,fraud_Auer-West,shopping_net,32.82,Melissa,Meza,F,244 Abbott Parkway,Loxahatchee,FL,33470,26.7383,-80.27600000000001,26551,Paramedic,1977-01-04,29e429a9aa6b648608808cf528acce73,1371819689,27.229740000000003,-79.85481899999999,0
48,2020-06-21 12:29:46,675990301623,"fraud_Armstrong, Walter and Gottlieb",food_dining,4.91,Amanda,Spencer,F,6682 Green Forks,Ogdensburg,NJ,7439,41.0767,-74.5982,2456,Senior tax professional/tax inspector,1994-03-13,def4f0ac7d3e4f02f33462a25632ef6c,1371817786,41.061214,-73.99798100000001,0
225,2020-06-21 13:30:49,3528407217576457,fraud_Dare-Gibson,health_fitness,104.68,Patricia,Leach,F,71309 Martinez Stravenue,Kingsport,TN,37663,36.4715,-82.4834,87124,Warden/ranger,1987-02-14,3a1b22b89941e4778573b42a1dd4f565,1371821449,37.336537,-82.499229,0
429,2020-06-21 14:38:24,4764202053279782,fraud_Denesik and Sons,shopping_pos,3.17,Derek,Jones,M,198 Candace Plaza,Diamond,OH,44412,41.0935,-81.0425,2644,Air cabin crew,1981-01-06,4edadec5727b1ddaa644925f1bd66ef5,1371825504,40.859421000000005,-80.528177,0
451,2020-06-21 14:46:39,3592931352252641,fraud_Schoen Ltd,kids_pets,44.87,Dylan,Garcia,M,923 Jordan Road,Afton,MN,55001,44.8696,-92.8234,2916,Barrister's clerk,1935-06-29,b0db9615bef67451849b713bb8551109,1371825999,43.903187,-91.887008,0
504,2020-06-21 15:06:19,2264937662466770,fraud_Padberg-Sauer,home,22.74,Juan,Sherman,M,5939 Garcia Forges Suite 297,San Antonio,TX,78214,29.3641,-98.4924,1595797,Land,1995-10-17,a63621e7e4dad21b0cdd6ecc6f31411c,1371827179,29.938746,-97.734215,0
86,2020-06-21 12:40:33,6011197122270059,"fraud_Terry, Johns and Bins",misc_pos,2.01,Vincent,Ward,M,06730 Joshua Isle Suite 555,North Brookfield,MA,1535,42.2665,-72.0821,4680,Field seismologist,1986-04-03,8a358086076dd14ded0409aa035d2e6f,1371818433,42.127625,-71.635136,0
103,2020-06-21 12:46:23,6011652924285713,"fraud_Lakin, Ferry and Beatty",food_dining,4.24,Kathryn,Smith,F,19838 Tonya Prairie Apt. 947,Rocky Mount,MO,65072,38.2911,-92.7059,1847,Tax inspector,1988-10-26,7c1fc4677c2c3c98b2fa39e7417bb09c,1371818783,38.40991,-92.002267,0
480,2020-06-21 14:59:06,213178765398315,fraud_Wiza LLC,misc_pos,355.74,Alan,Colon,M,748 Bryan Fields Suite 935,Riverton,WY,82501,43.0351,-108.2024,19408,"Lecturer, higher education",1993-09-11,88128c4d3ec19f0cf3459853cb7a6319,1371826746,42.280586,-108.411593,0
399,2020-06-21 14:27:52,3538520143479972,"fraud_Roberts, Ryan and Smith",personal_care,44.34,Cassandra,Nunez,F,9572 Austin Forge Suite 612,Clay Center,OH,43408,41.5686,-83.3632,269,Insurance underwriter,1965-09-15,2f0c88053759a0e274a96c215a7d1d4b,1371824872,41.769698,-83.65764899999999,0
205,2020-06-21 13:22:37,378278619832195,"fraud_Conroy, Balistreri and Gorczany",health_fitness,12.66,Mary,Mcintyre,F,77921 Costa Villages,Eugene,OR,97403,44.0385,-123.0614,191096,"Scientist, physiological",1964-04-06,497240430e49d2312f7dc965976af334,1371820957,44.158389,-122.847567,0
298,2020-06-21 13:56:10,4956828990005111019,fraud_Hills-Boyer,personal_care,25.5,Kenneth,Robinson,M,269 Sanchez Rapids,Elizabeth,NJ,7208,40.6747,-74.2239,124967,Operational researcher,1980-12-21,f39088646ca3e5287acb8f104bf52032,1371822970,41.138383000000005,-74.355987,0
308,2020-06-21 13:58:57,6011975266774121,"fraud_O'Reilly, Mohr and Purdy",home,131.27,Haley,Wagner,F,05561 Farrell Crescent,Annapolis,MD,21405,39.0305,-76.5515,92106,"Accountant, chartered certified",1943-05-28,56da6ccecb37de97ef60a259815c0f8e,1371823137,39.716613,-76.34253100000001,0
390,2020-06-21 14:25:49,60487002085,fraud_Crona and Sons,kids_pets,8.92,David,White,M,66234 Hall Lock Suite 758,Jackson,MS,39211,32.3739,-90.1293,233060,"Horticulturist, commercial",1972-08-15,6a22a4daffd8b2b0984ed366f66ffba0,1371824749,32.319881,-89.43719499999999,0
250,2020-06-21 13:40:52,676369110710,fraud_Erdman-Ebert,personal_care,51.44,David,Wolfe,M,81261 Garcia Underpass Suite 741,Southfield,MI,48034,42.4969,-83.2911,75830,"Engineer, automotive",1974-12-28,3717cda4ab527b59e521ab89f140578d,1371822052,41.554633,-82.407236,0
78,2020-06-21 12:39:25,3575789281659026,"fraud_Gutmann, McLaughlin and Wiza",home,71.68,Lindsay,Wilson,F,7618 Gonzales Mission,Centerview,MO,64019,38.7897,-93.8702,2368,Electronics engineer,1989-07-17,8caf8fcd904f367427bb0f699b8f7453,1371818365,39.485253,-92.983354,0
235,2020-06-21 13:33:50,213174467670432,fraud_Crona and Sons,kids_pets,169.09,James,Bishop,M,7055 Fernandez Estates Apt. 676,Cecilton,MD,21913,39.4015,-75.8654,663,Podiatrist,1969-01-14,6bf626064f5e5933dd48084f36ef2339,1371821630,39.83194,-76.092179,0
295,2020-06-21 13:55:58,639046421587,"fraud_Dare, Fritsch and Zboncak",health_fitness,77.28,Dylan,Bonilla,M,2497 John Motorway Suite 922,Leetsdale,PA,15056,40.5662,-80.2099,1140,"Administrator, education",1986-06-20,273e39b58206c9b9fa7d8e73fb3b6821,1371822958,41.225848,-79.963819,0
312,2020-06-21 14:00:34,376656886990758,fraud_Simonis-Prohaska,misc_pos,92.81,Richard,Vance,M,169 Shelia Knoll Suite 753,Zavalla,TX,75980,31.1569,-94.3871,2836,"Designer, jewellery",1985-12-03,560b983be7894b2029bfa2498c2004fd,1371823234,31.424535,-94.913213,0
249,2020-06-21 13:39:27,30273037698427,fraud_Medhurst PLC,shopping_net,34.11,Andrew,Patterson,M,06959 Stephen Branch Suite 246,Thida,AR,72165,35.5762,-91.4539,111,Careers information officer,2000-06-13,971adb58ea4add884f030ffffef16cfe,1371821967,36.526588,-92.354156,0
466,2020-06-21 14:55:17,4951647200979051,fraud_Skiles LLC,home,45.67,Kimberly,Miller,F,75533 Tamara Valleys,Logan,IL,62856,37.9943,-88.9417,324,"Scientist, research (physical sciences)",1976-06-15,62b1c65b11e31f740ae17771d2646965,1371826517,37.122514,-88.328393,0
128,2020-06-21 12:54:52,378278619832195,fraud_Abbott-Steuber,personal_care,8.32,Mary,Mcintyre,F,77921 Costa Villages,Eugene,OR,97403,44.0385,-123.0614,191096,"Scientist, physiological",1964-04-06,5608b93eb3a58c087fc11a809718d9e1,1371819292,43.046296000000005,-122.689361,0
130,2020-06-21 12:55:10,2296006538441789,fraud_Ernser-Lynch,food_dining,9.76,Judy,Hogan,F,4970 Michelle Burgs,Brooklyn,NY,11217,40.6816,-73.9798,2504700,Medical sales representative,1999-09-01,07972757acdafdc949dd42ce5c6cf07d,1371819310,41.402386,-73.167331,0
307,2020-06-21 13:58:54,4173950183554608,fraud_Mohr-Bayer,shopping_net,127.6,Stephen,Marshall,M,47144 Roberts Keys,Monmouth Beach,NJ,7750,40.333,-73.9809,3279,Health promotion specialist,1978-10-05,45b4ec6713f9460b70895b366353523e,1371823134,40.847854,-74.65575600000001,0
236,2020-06-21 13:34:18,4998109455173950,fraud_O'Connell-Ullrich,home,127.97,Mary,Pruitt,F,2819 Luke Greens Suite 563,Kansas City,MO,64114,38.9621,-94.5959,545147,Counsellor,1987-11-18,a00a84cec6cafa89fbe9f66c0dd67327,1371821658,38.341784,-94.742768,0
294,2020-06-21 13:55:54,6011693194885790,fraud_Vandervort-Funk,grocery_pos,88.94,Victoria,Fleming,F,2807 Parker Station Suite 080,Stanchfield,MN,55080,45.6675,-93.2433,2607,"Lecturer, further education",1995-12-04,7da554c2698cfcce2675d0dba5e7c9a7,1371822954,44.996837,-93.055743,0
163,2020-06-21 13:07:45,4671727014157745,"fraud_Kihn, Brakus and Goyette",personal_care,68.79,Kenneth,Edwards,M,3653 Ryan Crossroad,Andrews,IN,46702,40.8618,-85.6067,2304,Retail banker,1955-07-25,afaa281ba58cf4c3a58b440d6106fb46,1371820065,40.754358,-84.74906999999999,0
204,2020-06-21 13:22:21,6011438889172900,"fraud_Watsica, Haag and Considine",shopping_pos,25.5,Allison,Allen,F,40624 Rebecca Spurs,De Witt,AR,72042,34.2853,-91.3336,5161,Electrical engineer,1993-04-08,95cc4ceca59c656d73a7ccffb8c945f6,1371820941,34.30743,-91.964227,0
265,2020-06-21 13:45:05,4716561796955522,fraud_Bruen-Yost,misc_pos,7.66,Lauren,Anderson,F,11014 Chad Lake Apt. 573,Heart Butte,MT,59448,48.2777,-112.8456,743,Water engineer,1972-05-04,ba234bf26131b2acb72f86af8209f98f,1371822305,48.597926,-111.918758,0
289,2020-06-21 13:52:21,3561212938177173,fraud_Torphy-Kertzmann,health_fitness,20.79,Jose,Campbell,M,550 Cunningham Squares,Dadeville,AL,36853,32.8224,-85.7704,8269,Minerals surveyor,1977-01-04,203456829f0133ace93bf5bb0500a4ac,1371822741,32.933203000000006,-85.792426,0
198,2020-06-21 13:20:48,2286236465059468,fraud_Medhurst Inc,home,21.81,Morgan,Murray,F,2788 Brittney Island,Blairstown,MO,64726,38.5319,-93.9221,467,Agricultural consultant,1950-05-27,1dfb39918a5b8c7954335d2958c59db5,1371820848,38.876506,-94.460586,0
410,2020-06-21 14:31:56,4783226709001,fraud_Volkman PLC,food_dining,28.56,Jessica,Garcia,F,13108 Jennifer Passage,Mc Cracken,KS,67556,38.5957,-99.554,320,Film/video editor,1961-04-22,b7c89d38afecf5c0930cb4432965bc2d,1371825116,38.098088,-99.535354,0
262,2020-06-21 13:43:57,4536996888716062123,fraud_Howe Ltd,misc_pos,14.84,Nathan,Mendoza,M,767 Adam Mill Apt. 115,Espanola,NM,87533,35.9866,-106.0654,18408,Historic buildings inspector/conservation officer,1972-07-18,d2556ba625bd1d60c3fc4c8cdc98f280,1371822237,36.16208,-106.135057,0
42,2020-06-21 12:28:39,676369110710,fraud_Rau-Robel,kids_pets,18.96,David,Wolfe,M,81261 Garcia Underpass Suite 741,Southfield,MI,48034,42.4969,-83.2911,75830,"Engineer, automotive",1974-12-28,14dd61cec0b9be2d29aff70f605964ab,1371817719,42.186473,-84.041557,0
335,2020-06-21 14:07:05,3551217896304745,fraud_Sporer-Keebler,personal_care,35.26,Sara,Harris,F,597 Jenny Ford Apt. 543,Tupper Lake,NY,12986,44.232,-74.4905,6120,Chartered loss adjuster,1976-10-09,4c6aa42633dbced30aeb32e9d5c8d4fd,1371823625,43.830418,-74.424639,0
129,2020-06-21 12:54:55,3513618443244549,fraud_Sporer-Keebler,personal_care,37.0,Amber,Perez,F,954 Reyes Ways,Fulton,SD,57340,43.7588,-97.8712,355,Financial adviser,1955-06-26,0adbb8f5d6b042f32f2391d8d349cd66,1371819295,44.398989,-97.772526,0
122,2020-06-21 12:52:46,3518234918950662,"fraud_Bradtke, Torp and Bahringer",personal_care,12.33,Barbara,Lowe,F,67210 Lori Creek,Sherman,TX,75092,33.6372,-96.6184,46563,Systems developer,1970-09-11,e1d67d1bdbfad574800947945fa80f13,1371819166,34.17475,-96.873112,0
5,2020-06-21 12:15:37,30407675418785,fraud_Daugherty LLC,kids_pets,19.55,Danielle,Evans,F,76752 David Lodge Apt. 064,Breesport,NY,14816,42.1939,-76.7361,520,Psychotherapist,1991-10-13,798db04aaceb4febd084f1a7c404da93,1371816937,41.747157,-77.584197,0
332,2020-06-21 14:06:40,3597926034019603,fraud_Mayert Group,shopping_pos,9.1,Derrick,Flores,M,83690 Nicholas Ports Apt. 846,Oakland,TN,38060,35.2229,-89.5518,9496,Furniture conservator/restorer,1993-03-23,72e684b564fda601d3e23de0fcddbe84,1371823600,36.212666,-89.833053,0
14,2020-06-21 12:18:37,6011504998544485,fraud_Lubowitz-Walter,kids_pets,2.91,Ashley,Whitney,F,4038 Smith Avenue,Jones,AL,36749,32.5104,-86.8138,1089,Materials engineer,1971-11-02,61dca41a9728ea5fd6db99efd59768f8,1371817117,32.721131,-87.253846,0
498,2020-06-21 15:05:09,4988304376504,fraud_Bahringer Group,health_fitness,96.05,William,Thompson,M,977 Rita Grove Apt. 000,Rock Tavern,NY,12575,41.4575,-74.1659,2258,Building surveyor,1937-03-17,42ecebde5132bfbe924ce88057ec27be,1371827109,41.399449,-73.853894,0
302,2020-06-21 13:56:59,3533742182628021,fraud_Breitenberg-Hermiston,kids_pets,16.1,Robert,Haynes,M,857 Aaron Circles Suite 398,Johns Island,SC,29455,32.8357,-79.8217,20478,Materials engineer,1997-06-04,ade4a71b13bb00f4bc46c92d8ffd5f9f,1371823019,33.818154,-79.53948100000001,0
196,2020-06-21 13:20:20,2264937662466770,fraud_Schmidt-Larkin,home,51.89,Juan,Sherman,M,5939 Garcia Forges Suite 297,San Antonio,TX,78214,29.3641,-98.4924,1595797,Land,1995-10-17,b2d30bc0ca473971ef0596ff8646dd0b,1371820820,29.444963,-98.571075,0
200,2020-06-21 13:21:20,4119762878330989,fraud_Terry Ltd,home,174.77,Melinda,Gutierrez,F,1497 West Gateway,Eureka,IL,61530,40.7152,-89.2706,6713,Archivist,1945-08-19,3be6acc4b5e85330d7d2694a02651375,1371820880,39.829193,-88.918803,0
9,2020-06-21 12:16:11,3546897637165774,fraud_Kilback Group,food_dining,66.54,Kayla,Obrien,F,7921 Robert Port Suite 343,Prairie Hill,TX,76678,31.6591,-96.8094,263,Barrister,1956-05-30,a7915132c7c4240996ba03a47f81e3bd,1371816971,31.782919,-96.366185,0
104,2020-06-21 12:46:44,4561546772499,"fraud_Witting, Beer and Ernser",home,28.51,Daniel,Briggs,M,7118 Jessica Unions Apt. 789,Moriarty,NM,87035,34.9889,-106.0609,7268,"Therapist, art",1988-08-04,a5d7194717ad3c916578a809950d2096,1371818804,35.342658,-106.334921,0
318,2020-06-21 14:01:54,3520550088202337,"fraud_Becker, Harris and Harvey",personal_care,50.22,Micheal,Walters,M,15315 Vaughn Park Suite 356,Hovland,MN,55606,47.8342,-90.0476,272,Freight forwarder,2001-07-05,2c04edecf2b9785ed137207645abb05d,1371823314,47.404533,-90.177169,0
203,2020-06-21 13:22:14,3533742182628021,fraud_Kilback and Sons,entertainment,49.49,Robert,Haynes,M,857 Aaron Circles Suite 398,Johns Island,SC,29455,32.8357,-79.8217,20478,Materials engineer,1997-06-04,d9547259366164a884a5ca6ec23a5764,1371820934,32.932743,-80.714156,0
359,2020-06-21 14:14:21,3540075240003197,"fraud_Fadel, Mertz and Rippin",entertainment,4.11,Christian,Johns,M,892 Solis Neck,Lonsdale,MN,55046,44.4477,-93.4252,5211,Chief Strategy Officer,1987-01-27,8a73f1bba1eeec9407c74431054617e6,1371824061,45.131244,-92.557537,0
79,2020-06-21 12:39:42,3553629419254918,fraud_Champlin and Sons,home,33.97,Sharon,Johnson,F,7202 Jeffrey Mills,Conway,WA,98238,48.34,-122.3456,85,"Research officer, political party",1984-09-01,c8eebe4d993fde9d6a7cfbec8494bb59,1371818382,49.031436,-122.865744,0
3,2020-06-21 12:15:15,3591919803438423,fraud_Haley Group,misc_pos,60.05,Brian,Williams,M,32941 Krystal Mill Apt. 552,Titusville,FL,32780,28.5697,-80.8191,54767,Set designer,1987-07-25,2159175b9efe66dc301f149d3d5abf8c,1371816915,28.812398,-80.883061,0
412,2020-06-21 14:33:02,4585132874641,fraud_Shields-Wunsch,health_fitness,15.42,Karen,Gordon,F,543 Ware Path Apt. 593,Utica,MO,64686,39.7417,-93.6289,271,Land/geomatics surveyor,1972-04-18,d564d41f11059ef2932499c953727e4e,1371825182,40.449446,-93.732536,0
418,2020-06-21 14:34:41,4642894980163,fraud_Fisher-Schowalter,shopping_net,4.49,Eddie,Mendez,M,1831 Faith View Suite 653,Clarinda,IA,51632,40.7491,-95.038,7297,IT trainer,1990-07-13,9d80986daa16adf45d0fd18d576dbb03,1371825281,40.354282,-95.469833,0
285,2020-06-21 13:51:15,4599285557366057,fraud_Goyette-Herzog,travel,3.74,Mary,Williams,F,00315 Ashley Valleys,Burrton,KS,67020,38.0261,-97.6666,1689,Gaffer,1997-11-18,2e3ed61ac5845887874e600cc7176703,1371822675,37.256405,-96.776464,0
144,2020-06-21 13:00:07,5456776410929288,fraud_Satterfield-Lowe,travel,4.13,Taylor,Khan,F,658 Diane Glen Apt. 677,North Washington,PA,16048,41.0472,-79.8089,139,Patent attorney,1954-05-25,bf22bf7594e4fde6d8505583a3aa513a,1371819607,42.039551,-80.43666999999999,0
180,2020-06-21 13:15:33,4301028321766222513,"fraud_Durgan, Gislason and Spencer",home,72.11,Joe,Howard,M,109 Brian Lights Apt. 504,Shippingport,PA,15077,40.6025,-80.3863,198,Secretary/administrator,1978-10-26,cf8f797d5cecd6da34bd695e94f38d24,1371820533,40.748806,-80.020684,0
223,2020-06-21 13:29:55,30026790933302,fraud_Botsford and Sons,home,76.02,John,Peters,M,555 Michael Burgs,Mayersville,MS,39113,32.9013,-91.0286,595,Technical brewer,1979-09-03,bdd4a68945ee721dbedde8bfe45b64e4,1371821395,32.706896,-90.066216,0
483,2020-06-21 15:00:26,3556613125071656,"fraud_Reichel, Bradtke and Blanda",travel,1.03,Jose,Vasquez,M,572 Davis Mountains,Lake Jackson,TX,77566,29.0393,-95.4401,28739,Futures trader,1999-12-27,c13e23ca386474672d03d0028cda9ffb,1371826826,29.184856,-94.726437,0
273,2020-06-21 13:47:20,376944481517097,"fraud_Crist, Jakubowski and Littel",home,55.95,Tiffany,Stephens,F,1447 Ryan Lodge,Grand Bay,AL,36541,30.4983,-88.3282,15647,"Scientist, physiological",1957-12-26,11657e0d873126a170dcc95bd900b385,1371822440,30.232319,-87.60512,0
160,2020-06-21 13:06:31,4119762878330989,fraud_Weimann-Lockman,kids_pets,96.19,Melinda,Gutierrez,F,1497 West Gateway,Eureka,IL,61530,40.7152,-89.2706,6713,Archivist,1945-08-19,e5b8b489e92f287af65bda03af02f030,1371819991,41.264839,-89.537983,0
439,2020-06-21 14:44:06,4067137330196900,fraud_Stiedemann Inc,misc_pos,12.92,Christina,Eaton,F,3256 Brooks Field,Eldridge,AL,35554,33.9315,-87.6194,1186,Politician's assistant,1986-11-12,994db9e3f86d42649d0e212aaea5b54f,1371825846,33.106770000000004,-86.912578,0
31,2020-06-21 12:26:10,180048185037117,fraud_Ernser-Feest,home,134.39,Mary,Wall,F,2481 Mills Lock,Plainfield,NJ,7060,40.6152,-74.415,71485,Leisure centre manager,1974-07-19,bc7699cb759a26aa5dd58d4124febf8d,1371817570,40.196876,-74.407686,0
151,2020-06-21 13:01:59,4710826438164847414,"fraud_O'Connell, Botsford and Hand",home,63.92,Juan,Henry,M,9795 Lori Island Suite 346,Turner,MT,59542,48.8328,-108.3961,192,Further education lecturer,1964-01-04,8f5909f09ba243baf2e2a7fe35b04d62,1371819719,48.593996,-109.34163999999998,0
463,2020-06-21 14:54:38,4208110975550360171,fraud_Kuhn LLC,shopping_pos,161.37,David,Bonilla,M,82073 Jessica Camp,West Green,GA,31567,31.6143,-82.7243,782,Audiological scientist,1982-01-16,ad4cccf4190c15a3843c298e25e3b41b,1371826478,30.844109000000003,-83.494447,0
143,2020-06-21 12:59:43,2227671554547514,fraud_Windler LLC,kids_pets,42.21,Angie,Jones,F,6970 Blake Trail,Clearwater,FL,33760,27.9004,-82.7152,172247,"Geneticist, molecular",1979-10-22,622c606c3699ae063f4ecc8396c1ca23,1371819583,28.51525,-81.9264,0
379,2020-06-21 14:22:27,374497717543058,"fraud_Prosacco, Kreiger and Kovacek",home,44.19,Linda,Hurst,F,31701 Tucker Square Suite 893,Wilton,ND,58579,47.1709,-100.7944,1190,"Designer, ceramics/pottery",1948-06-30,468abd0fb607dc44429071b8b3e267ea,1371824547,47.416332,-100.568328,0
136,2020-06-21 12:57:44,630424987505,fraud_Kling-Ernser,entertainment,19.3,Jennifer,Black,F,2870 Bean Terrace Apt. 756,Thomas,WV,26292,39.1505,-79.503,836,Forensic psychologist,1981-08-29,3c16826f4605f06be65c218e14321e10,1371819464,39.097309,-79.398315,0
306,2020-06-21 13:58:33,4302475216404898,fraud_Gulgowski LLC,home,42.44,Daniel,Cain,M,384 Newman Forks Apt. 370,Belmond,IA,50421,42.8511,-93.62,3032,Community pharmacist,1964-08-08,3f12ba8e5e8c27fd4066dd6281bb2e9f,1371823113,43.270338,-93.94015,0
374,2020-06-21 14:20:56,4378993458389626,fraud_Kihn-Fritsch,food_dining,7.96,Travis,Hayes,M,1561 Chase Grove,Conway,NH,3818,43.9742,-71.1503,3807,Surgeon,1999-10-25,663c8c58b9c5d647853f6b0da7eb80db,1371824456,43.698867,-70.771326,0
313,2020-06-21 14:00:41,676173792455,fraud_Breitenberg-Hermiston,kids_pets,51.49,Brittany,Cox,F,07177 William Dale Apt. 547,Santa Monica,CA,90403,34.0287,-118.4924,92043,"Civil engineer, contracting",1961-04-25,4f0292198099a718f080cd9bff041469,1371823241,34.315474,-118.94066,0
245,2020-06-21 13:36:21,4476840372112,fraud_Heathcote LLC,shopping_net,236.15,Steven,Walters,M,3206 Hall Divide Suite 282,Woodville,AL,35776,34.6689,-86.2296,3395,"Editor, commissioning",1979-01-21,d8188cc764b76befb9196b2d137b6e16,1371821781,33.831990999999995,-85.328265,0
69,2020-06-21 12:35:55,4653879239169997,fraud_Bauch-Blanda,entertainment,129.58,Monica,Tucker,F,302 Christina Islands,Smiths Grove,KY,42171,37.0581,-86.1938,6841,"Therapist, sports",1999-06-06,8ec457ccddf3114213845f9d8ea1759c,1371818155,36.192355,-85.869963,0
305,2020-06-21 13:57:44,4170689372027579,"fraud_Prosacco, Kreiger and Kovacek",home,37.03,Samuel,Frey,M,830 Myers Plaza Apt. 384,Edmond,OK,73034,35.6665,-97.4798,116001,Media buyer,1993-05-10,cd7fa3ab9703ee30e304bcb95113bc38,1371823064,36.29899,-97.777697,0
150,2020-06-21 13:01:57,3518669219150142,fraud_Barrows PLC,shopping_pos,1.8,Dorothy,Thomas,F,537 Rice Square Suite 040,Milford,OH,45150,39.1657,-84.23299999999999,31394,Hospital doctor,1996-11-12,6423f3a9873d7b30151eeada5f6017b8,1371819717,39.718638,-83.50840600000001,0
490,2020-06-21 15:02:37,3528407217576457,fraud_Botsford Ltd,shopping_pos,9.16,Patricia,Leach,F,71309 Martinez Stravenue,Kingsport,TN,37663,36.4715,-82.4834,87124,Warden/ranger,1987-02-14,2964f8aadd99dcfc7e675375c12fcaa9,1371826957,35.96052,-83.289973,0
36,2020-06-21 12:27:08,4683520018489354,fraud_Schiller Ltd,personal_care,26.31,Charles,Carrillo,M,17547 Stephen Turnpike Apt. 846,Hawthorne,CA,90250,33.9143,-118.3493,93193,"Editor, magazine features",1995-04-19,e91e10ae4ad160e1aee1054ea96de9ba,1371817628,33.949418,-117.610248,0
323,2020-06-21 14:03:32,4400011257587661852,fraud_Gerhold LLC,home,20.01,Marissa,Powell,F,474 Allen Haven,North Loup,NE,68859,41.4972,-98.7858,509,"Nurse, children's",1980-09-15,f07460e75ecafe875a05a9875e2508c0,1371823412,41.806883,-97.790157,0
508,2020-06-21 15:06:58,4364010865167176,fraud_Cormier LLC,health_fitness,73.37,Gary,Martinez,M,03512 Jackson Ports,Reno,NV,89512,39.5483,-119.7957,276896,Immunologist,1997-03-12,ce1d4f182e0f05ff32ff2baa21880c8a,1371827218,39.808784,-118.811614,0
411,2020-06-21 14:32:02,4089096483689733451,"fraud_Quitzon, Green and Bashirian",shopping_pos,11.35,Debra,Stark,F,686 Linda Rest,Kilgore,TX,75662,32.3836,-94.8653,24536,Multimedia programmer,1983-10-14,3cb5260cf5a2700f68db3678cf44e3bc,1371825122,31.806895,-95.824114,0
358,2020-06-21 14:14:09,571465035400,fraud_Parker-Kunde,personal_care,68.38,Louis,Fisher,M,45654 Hess Rest,Fort Washakie,WY,82514,43.0048,-108.8964,1645,Freight forwarder,1976-02-26,6c3c651729787901b6800937df871cf4,1371824049,42.2308,-109.846701,0
469,2020-06-21 14:55:42,3504178999463051,fraud_Boyer PLC,misc_pos,41.92,Drew,Garcia,M,70858 Jasmine Meadows Apt. 135,Lima,OH,45801,40.7641,-84.0973,86954,"Copywriter, advertising",1992-07-23,8639d4ad157cc7e3761522d692598544,1371826542,40.036255,-84.890546,0
377,2020-06-21 14:21:44,2242542703101233,fraud_Welch Inc,misc_net,92.44,Samuel,Jenkins,M,43235 Mckenzie Views Apt. 837,Westport,KY,40077,38.4921,-85.4524,564,Pensions consultant,1996-04-10,e97a7450c20f36dea493d8702f47f8dc,1371824504,39.296217,-85.553437,0
310,2020-06-21 13:59:28,2296006538441789,"fraud_Bahringer, Osinski and Block",food_dining,7.38,Judy,Hogan,F,4970 Michelle Burgs,Brooklyn,NY,11217,40.6816,-73.9798,2504700,Medical sales representative,1999-09-01,10c0d612dfc2220a691a436118f829c7,1371823168,40.269511,-74.907883,0
44,2020-06-21 12:29:27,375848982312810,fraud_Crona and Sons,kids_pets,30.59,Dale,Smith,M,25036 Contreras Turnpike Suite 270,Purmela,TX,76566,31.4841,-97.9903,258,Web designer,1943-12-15,5f947d9974aca9e08265898e26db1583,1371817767,32.053228000000004,-97.160999,0
259,2020-06-21 13:43:26,6011975266774121,fraud_Kulas Group,health_fitness,44.91,Haley,Wagner,F,05561 Farrell Crescent,Annapolis,MD,21405,39.0305,-76.5515,92106,"Accountant, chartered certified",1943-05-28,5acce1163a83808dcb13a113099883da,1371822206,38.071244,-76.324485,0
257,2020-06-21 13:42:31,2229378226512508,fraud_Zboncak Ltd,food_dining,64.18,Thomas,Hale,M,949 Smith Parkway,Cazenovia,WI,53924,43.4987,-90.2796,1360,Occupational hygienist,1984-11-06,dbc4a5cc4cbf43decad95cf6c1c483e1,1371822151,44.02909,-90.00741,0
435,2020-06-21 14:42:45,583699482621,fraud_Schoen Ltd,kids_pets,103.09,Jennifer,Jones,F,5572 Kelly Plains Apt. 952,Waupaca,WI,54981,44.3481,-89.1101,15426,"Engineer, civil (contracting)",1936-07-22,bbfc53a8e215e4d7876ccbe83510ce6e,1371825765,44.411489,-89.32639499999999,0
447,2020-06-21 14:45:32,340103199302564,"fraud_Hauck, Dietrich and Funk",kids_pets,34.82,Sophia,Dickson,F,9047 Rodriguez Turnpike,Gibsonville,NC,27249,36.1183,-79.5685,12486,Arboriculturist,1934-02-09,0245fb8523d177f9c0998670ae51ccfc,1371825932,36.280597,-78.948355,0
87,2020-06-21 12:40:36,4223708906367574214,fraud_Thiel-Thiel,entertainment,75.24,Adam,Riddle,M,27718 Mason Bypass,Mount Saint Joseph,OH,45051,39.0965,-84.6431,177,Exhibition designer,1974-05-30,eb52e370f7ed2183cf36ab2f6424c5df,1371818436,39.417127,-84.959324,0
457,2020-06-21 14:50:16,3598895972308782,fraud_Rolfson-Kunde,personal_care,32.61,Kenneth,Richards,M,994 Livingston Extensions Suite 918,Norwalk,OH,44857,41.2403,-82.6078,23805,Copy,1970-02-22,a38b8a503bbd5b6517c6ecda1ee4d968,1371826216,41.134903,-82.311256,0
283,2020-06-21 13:50:12,4503101193493052864,"fraud_Douglas, DuBuque and McKenzie",travel,2.4,Katherine,Tucker,F,670 Le Meadows Suite 250,Lakeland,FL,33811,27.9865,-82.0139,237282,Clothing/textile technologist,1979-07-03,fe05feb7043169c18f54d689b26984ea,1371822612,27.852817,-81.151943,0
316,2020-06-21 14:01:34,4348786085525522,fraud_Kulas Group,health_fitness,76.0,John,Nichols,M,862 Anderson Highway,Bryant,WI,54418,45.203,-88.9983,1080,Information systems manager,1979-01-08,9600145da48b5ae16a1107b9580e418d,1371823294,44.420966,-88.744096,0
396,2020-06-21 14:27:06,4451952084362894,fraud_Kuphal-Toy,food_dining,62.19,Joseph,Davis,M,941 Adam Stravenue,Nazareth,TX,79063,34.5444,-102.1069,686,Petroleum engineer,1980-07-30,a14f3e49a67b056ad6cca71aa13713ef,1371824826,35.391806,-101.768692,0
16,2020-06-21 12:18:54,4906628655840914250,fraud_Hickle Group,shopping_pos,2.33,Charles,Moreno,M,838 Franklin Prairie Apt. 902,Key West,FL,33040,24.6557,-81.3824,32891,Town planner,1987-02-13,00da72495351ce6bd9ecb75d51cca89b,1371817134,24.306325,-81.065169,0
431,2020-06-21 14:39:47,30131826429364,fraud_Price Inc,shopping_net,62.44,Brianna,Foley,F,57256 Raymond Ports,Knoxville,TN,37932,35.9335,-84.1481,391389,"Designer, industrial/product",1994-04-22,09a7e44e3074e4231e38003d2bee5569,1371825587,35.953776,-83.183658,0
322,2020-06-21 14:03:27,630423337322,fraud_Heaney-Marquardt,entertainment,12.91,Stephanie,Gill,F,43039 Riley Greens Suite 393,Orient,WA,99160,48.8878,-118.2105,149,Special educational needs teacher,1978-06-21,bb838fefa1fcec6aecd6688c4c39593b,1371823407,48.341754,-117.775503,0
352,2020-06-21 14:12:45,6011693194885790,"fraud_Heathcote, Yost and Kertzmann",shopping_net,5.48,Victoria,Fleming,F,2807 Parker Station Suite 080,Stanchfield,MN,55080,45.6675,-93.2433,2607,"Lecturer, further education",1995-12-04,dccc50d067404415f5546ce81c6ee9e4,1371823965,45.339446,-92.880697,0
159,2020-06-21 13:06:10,3577663406369449,"fraud_Swaniawski, Nitzsche and Welch",health_fitness,12.32,Cody,Hooper,M,7233 John Parks,Lepanto,AR,72354,35.6069,-90.3359,2470,Counselling psychologist,1968-10-06,e425481e14107e857910b3112ffd09c2,1371819970,36.366507,-89.559427,0
109,2020-06-21 12:47:36,4128730454058057622,fraud_Rippin-VonRueden,health_fitness,18.02,Monique,Martin,F,68276 Matthew Springs,Ratcliff,TX,75858,31.3833,-95.0619,43,"Engineer, production",1949-10-04,fbc91c22ac16b4b77f1e19395fcbdf95,1371818856,30.950957,-94.108481,0
406,2020-06-21 14:31:15,571465035400,"fraud_Pouros, Walker and Spencer",kids_pets,55.03,Louis,Fisher,M,45654 Hess Rest,Fort Washakie,WY,82514,43.0048,-108.8964,1645,Freight forwarder,1976-02-26,6d71e7c09b8c2aa5c2bc5cebb6f560dd,1371825075,42.409141,-109.050065,0
55,2020-06-21 12:31:23,4855488158131690372,fraud_Nader-Maggio,personal_care,68.88,Jeremy,Roberson,M,25887 Martin Inlet,Graniteville,VT,5654,44.1554,-72.4847,970,Agricultural consultant,1993-09-29,a2dbde4624ee6e24bb9633ce9fcd1672,1371817883,43.760065,-72.192128,0
168,2020-06-21 13:08:55,4482427013979020,fraud_O'Keefe-Wisoky,food_dining,7.44,Leslie,Ford,F,4938 Hatfield Course,Henderson,WV,25106,38.8265,-82.1364,642,Building services engineer,1946-08-30,6a6950d57d0392520d9c6cef99cb5139,1371820135,39.656974,-81.869361,0
100,2020-06-21 12:45:48,6592074504369261,fraud_Greenholt Ltd,health_fitness,242.35,Amanda,Molina,F,8425 Daniel Knolls Suite 288,Philadelphia,PA,19154,40.0897,-74.9781,1526206,Commercial horticulturist,1972-05-23,39db7261e2dd32311c1e5ff2a52bac79,1371818748,39.151823,-75.035003,0
425,2020-06-21 14:37:28,675990301623,"fraud_Dare, Casper and Bartoletti",kids_pets,66.94,Amanda,Spencer,F,6682 Green Forks,Ogdensburg,NJ,7439,41.0767,-74.5982,2456,Senior tax professional/tax inspector,1994-03-13,61abfc5e98188a0d8dc3c9512412d0fe,1371825448,40.925296,-75.108864,0
65,2020-06-21 12:33:45,4509922033272157,fraud_Pouros-Haag,shopping_pos,7.93,Monica,West,F,22084 Smith Roads Suite 776,Hurley,SD,57036,43.2893,-97.1904,811,Neurosurgeon,1972-03-28,3aedf92246758786b01168d5dc5773b5,1371818025,43.795359000000005,-96.833415,0
347,2020-06-21 14:10:35,6011399591920186,"fraud_Willms, Kris and Bergnaum",shopping_pos,7.23,Maria,Roy,F,58665 Nicholas Ford Suite 348,Sheffield,MA,1257,42.1001,-73.3611,2121,Radio producer,1973-10-14,929a48b6aa32309403e592ec3e04db49,1371823835,41.283019,-73.896097,0
363,2020-06-21 14:16:38,3559679414981506,fraud_Crooks and Sons,personal_care,35.43,Olivia,Stephenson,F,292 Cassidy Oval,Lowville,NY,13367,43.7893,-75.4156,8830,Theme park manager,1991-03-29,2fa1a6f3874b074d42170affae0bdb58,1371824198,42.87097,-75.368073,0
182,2020-06-21 13:15:51,213157767990030,"fraud_Lubowitz, Terry and Stracke",personal_care,23.23,Tara,Campbell,F,05050 Rogers Well Apt. 439,Rock Springs,WY,82901,41.606,-109.23,27971,Music therapist,1984-08-01,c6fe3189d929456a779d341498fb177b,1371820551,42.096035,-109.177709,0
41,2020-06-21 12:28:23,503874407318,"fraud_Moore, Williamson and Emmerich",home,47.81,Andrew,Mcgee,M,4130 Tiffany Glen Apt. 562,San Antonio,TX,78248,29.5894,-98.5201,1595797,Exhibition designer,1975-12-28,4ffb7174155b877c4d18d1d86e71e813,1371817703,30.50995,-99.374201,0
489,2020-06-21 15:02:29,3527536963490470,fraud_Bruen-Yost,misc_pos,8.69,Teresa,Stein,F,2838 White Fields Apt. 473,Brunson,SC,29911,32.9413,-81.1807,1725,Social researcher,1974-12-05,b88b90db1db5ad895a635b95064811d3,1371826949,33.326021000000004,-81.651078,0
445,2020-06-21 14:44:51,4716561796955522,fraud_Little Ltd,kids_pets,222.08,Lauren,Anderson,F,11014 Chad Lake Apt. 573,Heart Butte,MT,59448,48.2777,-112.8456,743,Water engineer,1972-05-04,8fb78066c02d9c07b758d7aaf03b84f7,1371825891,48.728813,-113.486252,0
269,2020-06-21 13:46:16,4010002218955876,fraud_Mayert Group,shopping_pos,13.13,Jennifer,Bishop,F,589 Matthew Brooks,Houston,TX,77026,29.7972,-95.3288,2906700,Animator,1983-08-24,2493f6e4ff6001a41028dcd3d9b2a145,1371822376,29.513604,-95.923421,0
85,2020-06-21 12:40:32,4173950183554608,fraud_Brown-Greenholt,entertainment,15.8,Stephen,Marshall,M,47144 Roberts Keys,Monmouth Beach,NJ,7750,40.333,-73.9809,3279,Health promotion specialist,1978-10-05,a0d3f84d700dfb8165a63087f824d381,1371818432,41.186828000000006,-74.811464,0
40,2020-06-21 12:28:06,2712209726293386,fraud_Reilly LLC,home,39.95,Jenna,Brooks,F,50872 Alex Plain Suite 088,Baton Rouge,LA,70808,30.4066,-91.1468,378909,"Designer, furniture",1977-02-22,fb32dada5c853d60e84278eaae707ee2,1371817686,30.382414,-90.923894,0
107,2020-06-21 12:47:21,4191109180926792,fraud_Gottlieb-Hansen,personal_care,12.64,Jennifer,Spencer,F,477 Wheeler Burg,Amanda,OH,43102,39.6251,-82.7552,4512,Farm manager,1992-10-03,36889cdd6d799ccda86cf3c6509010b1,1371818841,39.66641,-83.56224300000001,0
199,2020-06-21 13:21:16,4220345354880,fraud_Breitenberg LLC,travel,8.54,Patrick,Torres,M,27386 Snyder Station,Oxford,MI,48371,42.8223,-83.2829,24840,Agricultural consultant,1960-01-20,3f21f4179b16adf504771d5ce3963db7,1371820876,42.299024,-83.435877,0
242,2020-06-21 13:35:18,30551643947183,fraud_Zboncak LLC,food_dining,76.83,Morgan,Smith,F,1441 Bradley Place,Grover,NC,28073,35.1836,-81.4552,5621,Toxicologist,1973-11-14,14df01f107a78bcc7999c9f5add9f648,1371821718,36.136522,-80.58965699999999,0
110,2020-06-21 12:47:48,4681699462969,"fraud_Nienow, Ankunding and Collier",misc_pos,2.54,Joseph,Gonzalez,M,319 Wendy Fort Suite 179,Murfreesboro,TN,37132,35.8596,-86.421,158701,"Journalist, newspaper",1978-03-06,87e1122fde1f3bd876a983771001e1a0,1371818868,36.333062,-86.08699200000001,0
60,2020-06-21 12:32:50,36722699017270,fraud_Berge-Hills,kids_pets,8.86,Jessica,Perez,F,8172 Robertson Parkways Suite 072,Superior,AZ,85173,33.2887,-111.0985,2872,Petroleum engineer,1987-10-28,bf6a53e1ba9d726edf1654d0899f533b,1371817970,32.390381,-111.567332,0
440,2020-06-21 14:44:09,4586810168620942,fraud_Keeling-Crist,misc_pos,81.78,Michelle,Gregory,F,6983 Carrillo Isle,Edisto Island,SC,29438,32.5486,-80.307,2408,"Sales professional, IT",1997-07-05,b34cff705875d919a1f32a7ed069c008,1371825849,32.845422,-80.37948399999999,0
360,2020-06-21 14:14:48,3551512895305309,fraud_Yost-Rogahn,personal_care,24.45,Erika,Anderson,F,3786 Hale Corners,Rochester,KY,42273,37.2048,-86.8592,443,"Development worker, international aid",1947-07-15,0c1979133d22dd5734b5d8c4519e3914,1371824088,37.322829,-87.355525,0
231,2020-06-21 13:31:45,6011367958204270,fraud_Torphy-Kertzmann,health_fitness,39.54,Tammy,Ayers,F,1652 James Mews,Hinckley,OH,44233,41.2419,-81.7453,7646,Medical sales representative,1988-09-15,3792370bd5af9ee1b121aebd8908e539,1371821505,41.052295,-81.209189,0
343,2020-06-21 14:09:54,180042946491150,fraud_Heathcote LLC,shopping_net,3.11,Charles,Robles,M,3337 Lisa Divide,Saint Petersburg,FL,33710,27.7898,-82.7243,341043,"Engineer, land",1989-02-28,968365c9f566a3a9f20d5a45162d6ab7,1371823794,27.417092,-83.407723,0
157,2020-06-21 13:05:42,60416207185,fraud_Kutch-Ferry,home,124.66,Mary,Diaz,F,9886 Anita Drive,Fort Washakie,WY,82514,43.0048,-108.8964,1645,Information systems manager,1986-02-17,f21e1a09f59c50a66735409308285b1d,1371819942,42.945526,-108.530901,0
172,2020-06-21 13:10:12,2296006538441789,fraud_Ankunding LLC,shopping_net,4.74,Judy,Hogan,F,4970 Michelle Burgs,Brooklyn,NY,11217,40.6816,-73.9798,2504700,Medical sales representative,1999-09-01,e1766317e6eb58ae76cdc01a47c63584,1371820212,41.054447,-73.39703399999999,0
70,2020-06-21 12:35:55,4956828990005111019,fraud_Bednar PLC,kids_pets,5.13,Kenneth,Robinson,M,269 Sanchez Rapids,Elizabeth,NJ,7208,40.6747,-74.2239,124967,Operational researcher,1980-12-21,049d3ba5ef543bdabfa44b6443f3d20e,1371818155,41.131668,-75.188408,0
134,2020-06-21 12:55:21,4503101193493052864,fraud_Stark-Koss,home,5.26,Katherine,Tucker,F,670 Le Meadows Suite 250,Lakeland,FL,33811,27.9865,-82.0139,237282,Clothing/textile technologist,1979-07-03,b28a70d840dae6c46bec7df6c8340cfd,1371819321,28.642801,-82.701559,0
102,2020-06-21 12:46:16,30570197515105,fraud_Hilpert-Conroy,kids_pets,127.76,Vincent,Cain,M,64851 Cole Turnpike,Hartford,AL,36344,31.086,-85.7192,5732,Jewellery designer,1945-12-07,8306d2588665088674d4c93ff87f1748,1371818776,31.361379,-85.084231,0
364,2020-06-21 14:17:00,4342532437704183,fraud_Bednar PLC,kids_pets,17.91,Kevin,Elliott,M,1852 Vincent Isle Suite 328,Newark Valley,NY,13811,42.2281,-76.1625,4354,Further education lecturer,1994-02-16,a04022fc423a4e14885f0c7b184225bf,1371824220,43.042142,-75.57788000000001,0
486,2020-06-21 15:01:39,4424338559877976,fraud_Jerde-Hermann,travel,3.34,Denise,Barnett,F,23220 Eaton Harbors,Kirby,OH,43330,40.813,-83.4196,118,Private music teacher,1957-11-12,bc5b562c280e3ea43d5b6124f4ca3d86,1371826899,40.618236,-83.341865,0
58,2020-06-21 12:32:36,2227671554547514,fraud_Bauch-Blanda,entertainment,121.46,Angie,Jones,F,6970 Blake Trail,Clearwater,FL,33760,27.9004,-82.7152,172247,"Geneticist, molecular",1979-10-22,1c819bcf6e07bd61322a1e61e8f0c70f,1371817956,27.482301,-83.200829,0
29,2020-06-21 12:24:16,180040027502291,fraud_Leffler-Goldner,personal_care,24.44,Mary,Schmidt,F,022 Moore Island,New York City,NY,10162,40.7699,-73.9511,1577385,Audiological scientist,1957-12-29,efbea5fb8c846843c13f224379ba249e,1371817456,40.951475,-74.065226,0
177,2020-06-21 13:13:13,4294040533480516,"fraud_O'Connell, Botsford and Hand",home,69.86,Gail,Weaver,F,979 Stewart Lake,New Ellenton,SC,29809,33.413000000000004,-81.69,2206,Biomedical scientist,1986-12-31,9403d07997aa1f0bd127cb0fefc9d246,1371820393,34.071619,-81.220208,0
238,2020-06-21 13:34:56,4904681492230012,fraud_Streich Ltd,home,66.84,Lisa,Lowe,F,574 David Locks Suite 207,Cottekill,NY,12419,41.8467,-74.1038,722,Comptroller,1990-10-19,a916134dcacd9e6badae25ce9f9e968e,1371821696,41.512745,-73.317596,0
297,2020-06-21 13:56:00,30266994494236,"fraud_Bahringer, Bergnaum and Quitzon",home,20.72,Sarah,Foster,F,77872 Andrea Glen Apt. 543,Ford,VA,23850,37.1349,-77.7364,1051,Chief Operating Officer,1976-11-21,e260449afface1ef68b79bb793d38680,1371822960,37.860126,-77.776199,0
301,2020-06-21 13:56:54,4355790796238264643,fraud_Bode-Schuster,kids_pets,103.86,Tanner,Davis,M,2632 Stevens Light Apt. 213,Payson,IL,62360,39.8153,-91.2627,1656,Exhibition designer,1969-08-04,9e0eb5c4ef1cc2be861234646dd13d8d,1371823014,39.50161,-92.128369,0
233,2020-06-21 13:32:30,343668971234893,"fraud_Torp, Muller and Borer",health_fitness,3.04,Sally,Moore,F,835 Reese Views Suite 884,Hopkins,SC,29061,33.9349,-80.8449,13717,Chiropodist,1949-11-16,c7a2ed635651e7e9a837257cac1df810,1371821550,34.303243,-80.187714,0
227,2020-06-21 13:31:01,4836998673805450,fraud_Breitenberg-Hermiston,kids_pets,61.85,Susan,Hardy,F,516 Brown Parks,Manistique,MI,49854,46.0062,-86.2555,6469,Trade mark attorney,1979-04-12,3fb395ff025f781ffbb60901eec9b035,1371821461,46.130831,-86.413224,0
82,2020-06-21 12:39:49,371985236239474,fraud_Bartoletti and Sons,personal_care,21.57,Benjamin,Martin,M,0495 Baker Manors,Oriskany Falls,NY,13425,42.9576,-75.4838,1970,"Programmer, multimedia",1949-06-09,3c01079627483229758e02ea10811e72,1371818389,42.541989,-75.057743,0
98,2020-06-21 12:44:29,374930071163758,fraud_Klein Group,entertainment,6.98,Daniel,Escobar,M,61390 Hayes Port,Romulus,MI,48174,42.2203,-83.3583,31515,Police officer,1971-11-05,ace32c67fb8d3d030fdddad4649c9dae,1371818669,42.964421,-83.670351,0
303,2020-06-21 13:57:10,4229733778084049,"fraud_McDermott, Osinski and Morar",home,142.1,Tyler,Mills,M,7838 Jason Squares,Elizabethtown,KY,42701,37.6848,-85.8784,48194,Surgeon,1990-05-03,8a737175aa6b2e94ada175e0f6c03410,1371823030,36.697565,-85.711371,0
77,2020-06-21 12:39:10,3583793405872580,"fraud_Douglas, Schneider and Turner",shopping_pos,4.4,Beth,Lambert,F,6447 Johnson Estates Apt. 986,Roosevelt,OK,73564,34.847,-98.9836,551,Amenity horticulturist,1970-09-27,67d795902f1bdaf4d042abfaa2e37496,1371818350,34.858369,-98.135879,0
73,2020-06-21 12:37:59,3542162746848552,fraud_Leffler-Goldner,personal_care,6.04,Bradley,Anderson,M,3896 Gilmore Mill,Emmons,MN,56029,43.5089,-93.4824,744,Communications engineer,1968-01-28,73cca6d94d97e2bb1a0c69d5decea9eb,1371818279,44.388218,-93.400188,0
178,2020-06-21 13:14:37,370348764075623,fraud_Schoen-Quigley,kids_pets,38.88,Christopher,Gomez,M,950 Dunn Squares,Tickfaw,LA,70466,30.5668,-90.482,8512,"Accountant, chartered public finance",1951-09-03,994d71674f1338f94f9d6e45c2d22993,1371820477,29.903396,-90.938375,0
426,2020-06-21 14:37:52,6011679934075347,fraud_Maggio-Fahey,misc_pos,72.62,Jennifer,Gonzalez,F,5517 Stacy Land,Jelm,WY,82063,41.0539,-106.0763,100,Public librarian,1974-04-16,8a3e2640447081526ea10b5df511e5e1,1371825472,40.970728,-106.633905,0
173,2020-06-21 13:10:51,4861310130652566408,fraud_Schoen-Quigley,kids_pets,85.39,Ashley,Cruz,F,65417 Walsh Radial Suite 691,Saint Amant,LA,70774,30.2385,-90.8435,10076,"Surveyor, rural practice",1977-12-16,a8480e70abddf42a38235d99bead2e94,1371820251,30.294573,-91.095702,0
13,2020-06-21 12:18:27,4988304376504,fraud_Bechtelar-Rippin,food_dining,7.93,William,Thompson,M,977 Rita Grove Apt. 000,Rock Tavern,NY,12575,41.4575,-74.1659,2258,Building surveyor,1937-03-17,d0d2b5cca5ae19e0a07dc7ef5d51e59e,1371817107,40.71168,-73.668384,0
209,2020-06-21 13:24:33,213153151785052,"fraud_Romaguera, Wehner and Tromp",kids_pets,79.56,Rebecca,Conley,F,181 Moreno Light Apt. 215,Tomahawk,WI,54487,45.4963,-89.7273,9594,Seismic interpreter,1997-11-23,708764b9c1df3a33646f980ebaeda064,1371821073,46.117649,-90.18511,0
395,2020-06-21 14:27:06,346273234529002,"fraud_Streich, Rolfson and Wilderman",kids_pets,31.09,Donna,Moreno,F,32301 Albert River Suite 364,Ronceverte,WV,24970,37.7418,-80.4626,4575,Statistician,1991-10-22,ce0fdccb3a7a01cc87b2a31ab3151509,1371824826,37.412565,-81.24244200000001,0
26,2020-06-21 12:23:09,6011917798331152,"fraud_Hintz, Bauch and Smith",health_fitness,1.7,William,Johnson,M,50843 Vincent Mission,South Londonderry,VT,5155,43.1699,-72.8515,828,Scientific laboratory technician,1957-08-30,6c58a441ceeb7dc623316c6a68158d29,1371817389,42.390565,-71.932418,0
381,2020-06-21 14:22:52,4560004149983868183,"fraud_Denesik, Powlowski and Pouros",home,62.0,Stacy,Villegas,F,20581 Pena Walks,Colorado Springs,CO,80951,38.8881,-104.6556,525713,Museum/gallery exhibitions officer,1992-05-09,d0578f7aeeb06e83eb2fa733a2759e32,1371824572,38.123086,-105.511928,0
96,2020-06-21 12:43:58,5501083170975659,fraud_Kihn-Fritsch,food_dining,16.06,Wayne,Payne,M,587 Bradley Inlet Suite 281,Cuyahoga Falls,OH,44223,41.1464,-81.5107,47772,Equities trader,1966-01-04,04207da612fce9f0093acb23a68c11e7,1371818638,40.312539,-81.654015,0
166,2020-06-21 13:08:41,4099707841315751,fraud_Quitzon-Goyette,home,16.02,James,Stephens,M,1166 Castillo Mountains,Ruckersville,VA,22968,38.2586,-78.4074,9815,"Designer, ceramics/pottery",1975-07-07,95b28c98c518e783969e6faeef2817d2,1371820121,38.897742,-79.36616500000001,0
505,2020-06-21 15:06:20,4653879239169997,fraud_Kozey-Boehm,shopping_net,4.68,Monica,Tucker,F,302 Christina Islands,Smiths Grove,KY,42171,37.0581,-86.1938,6841,"Therapist, sports",1999-06-06,05f8f3d9bd0d70ed2f59131c35c58be8,1371827180,37.673167,-86.154883,0
450,2020-06-21 14:46:25,180049032966888,"fraud_Feil, Hilpert and Koss",food_dining,52.99,Michael,Flores,M,70761 Fitzpatrick Brooks Suite 631,Saxon,WI,54559,46.4959,-90.4383,795,Television/film/video producer,1986-04-15,f2b96ab01d3a9230b467a0c776c09da4,1371825985,46.038642,-89.551902,0
140,2020-06-21 12:58:42,4260128500325,fraud_Kilback Group,food_dining,7.25,Whitney,Gallagher,F,0374 Courtney Islands Apt. 400,Deane,KY,41812,37.2409,-82.7696,230,"Conservation officer, historic buildings",1997-08-04,ab7249121f58e23cdfe7073c3e44e751,1371819522,36.578865,-83.087049,0
201,2020-06-21 13:21:49,4640395708703,"fraud_Runte, Green and Emard",health_fitness,113.53,Melissa,Krause,F,67632 Martin Gateway,Fordoche,LA,70732,30.6576,-91.6264,1178,Community education officer,1951-06-13,2d1d5f9680c397474923180661f85978,1371820909,30.990542,-92.331269,0
392,2020-06-21 14:26:08,4102003771126577611,fraud_Lesch Ltd,shopping_pos,7.68,William,Fitzgerald,M,715 Courtney Pike Suite 932,Keller,TX,76248,32.9276,-97.2489,95035,Probation officer,1987-06-13,991823f1bffa8349223750fb1eabd1c7,1371824768,31.963209000000003,-96.904265,0
417,2020-06-21 14:34:39,4897067971111209737,fraud_Pacocha-Bauch,shopping_pos,6.65,Randy,Wood,M,542 Howe Mission Apt. 092,Port Richey,FL,34668,28.3011,-82.6927,42619,Environmental education officer,1975-10-07,5035e9c476f3082848e7152521566b01,1371825279,27.352228000000004,-81.706377,0
373,2020-06-21 14:19:39,6593250708747804,fraud_Schulist Ltd,food_dining,31.85,Melissa,Meza,F,244 Abbott Parkway,Loxahatchee,FL,33470,26.7383,-80.27600000000001,26551,Paramedic,1977-01-04,7a2d7ffade2ede172554db004715d19a,1371824379,26.187620000000003,-79.409951,0
473,2020-06-21 14:57:19,4561892980175,fraud_Cartwright PLC,kids_pets,94.2,Jacqueline,Allen,F,166 Lisa Fords,Greenwood,IN,46143,39.596,-86.1309,78968,Financial adviser,1968-02-10,3e7b542501c179218147650048d4971f,1371826639,39.294812,-86.28913399999999,0
459,2020-06-21 14:52:51,30501624614310,fraud_O'Keefe-Wisoky,food_dining,38.84,Amanda,Smith,F,180 Graves Shore,Scotia,SC,29939,32.6786,-81.2455,302,Magazine features editor,1973-05-04,19a0825691e23d95c31a24162beea3b8,1371826371,33.437508,-81.52747099999999,0
454,2020-06-21 14:49:12,3506592072985012,"fraud_Graham, Hegmann and Hammes",food_dining,17.39,Randy,Murphy,M,0356 Sarah Light,Ballwin,MO,63021,38.577,-90.5255,92608,"Engineer, communications",2001-07-26,b9bf708f1ae11b1012aabf7d8961df6f,1371826152,38.516416,-91.088412,0
127,2020-06-21 12:54:44,3547560454237873,fraud_Beier and Sons,home,43.47,Jerry,Robinson,M,212 Mary Stream,Arcadia,MI,49613,44.5232,-86.2061,680,"Designer, jewellery",1966-12-21,01e26ef1319fe44bff28751b8e7b0d27,1371819284,43.621152,-85.44793100000001,0
290,2020-06-21 13:52:27,4767265376804500,fraud_Ziemann-Waters,health_fitness,196.93,Jennifer,Conner,F,4655 David Island,Dublin,PA,18917,40.375,-75.2045,2158,Transport planner,1961-06-19,d880af591bf9096498fa4a46a897c6d3,1371822747,39.50289,-74.598794,0
90,2020-06-21 12:42:07,4708992452821239,"fraud_Roberts, Ryan and Smith",personal_care,19.73,Jared,Walters,M,3326 Hannah Fords,Cord,AR,72524,35.8184,-91.3375,376,"Designer, ceramics/pottery",1938-09-08,ca1bd51b5324c47c68bed7bbfdd80753,1371818527,34.871462,-91.496576,0
28,2020-06-21 12:24:11,3502377050801561,"fraud_Eichmann, Hayes and Treutel",travel,6.21,Kathleen,Martin,F,659 Nicole Cove Suite 560,New Waverly,TX,77358,30.5354,-95.4532,4993,"Scientist, biomedical",1948-11-30,9662b7fede7772f80331fd0abbc7909d,1371817451,31.432355,-95.537859,0
506,2020-06-21 15:06:27,501831082224,fraud_Nader-Maggio,personal_care,30.48,Corey,Jones,M,709 George Underpass Apt. 080,West Decatur,PA,16878,40.9493,-78.3129,1762,Armed forces logistics/support/administrative officer,1962-05-04,93f0f20478d1c59b2229db2c858f459d,1371827187,40.427063,-79.22495,0
264,2020-06-21 13:44:59,180048185037117,fraud_Bode-Schuster,kids_pets,57.53,Mary,Wall,F,2481 Mills Lock,Plainfield,NJ,7060,40.6152,-74.415,71485,Leisure centre manager,1974-07-19,952f5a9c127ccc976b093b77a7ccfa7d,1371822299,41.227795,-74.698639,0
327,2020-06-21 14:04:38,4294040533480516,fraud_Little Ltd,kids_pets,5.25,Gail,Weaver,F,979 Stewart Lake,New Ellenton,SC,29809,33.413000000000004,-81.69,2206,Biomedical scientist,1986-12-31,7d83653170faa0c621977c8a491f390f,1371823478,33.076612,-82.12931400000001,0
184,2020-06-21 13:15:58,6011893664860915,fraud_Kub PLC,personal_care,97.73,Erin,Chavez,F,3379 Williams Common,Littleton,CO,80120,39.5994,-105.0044,320420,Water engineer,1975-07-31,72acc3171b3d508b453db1b030a4697d,1371820558,40.399461,-104.893892,0
63,2020-06-21 12:33:30,4988304376504,fraud_Crona and Sons,kids_pets,1.93,William,Thompson,M,977 Rita Grove Apt. 000,Rock Tavern,NY,12575,41.4575,-74.1659,2258,Building surveyor,1937-03-17,c86b29ee783636aaceb7687877924f9c,1371818010,40.857733,-73.447974,0
256,2020-06-21 13:42:30,376656886990758,fraud_Gerhold LLC,home,18.02,Richard,Vance,M,169 Shelia Knoll Suite 753,Zavalla,TX,75980,31.1569,-94.3871,2836,"Designer, jewellery",1985-12-03,5037b72eab0645fcb9370388c360a003,1371822150,30.603846,-93.59103,0
405,2020-06-21 14:30:42,180048185037117,"fraud_Romaguera, Cruickshank and Greenholt",shopping_net,456.22,Mary,Wall,F,2481 Mills Lock,Plainfield,NJ,7060,40.6152,-74.415,71485,Leisure centre manager,1974-07-19,b723deda481fac40afc6fde947cf9033,1371825042,40.66616,-75.17219399999999,0
419,2020-06-21 14:34:48,3564839259330465,fraud_Johns Inc,entertainment,39.42,Robert,Ashley,M,1250 Christopher Prairie Suite 016,Port Costa,CA,94569,38.046,-122.1866,198,Armed forces training and education officer,1959-03-31,5a1c01de54af181764c6b4d68b029a32,1371825288,39.04377,-121.591377,0
91,2020-06-21 12:42:11,30234966027947,fraud_Stiedemann Ltd,food_dining,128.33,Matthew,Lambert,M,7188 Melissa Crest Apt. 151,New Holstein,WI,53061,43.9446,-88.0911,5196,Child psychotherapist,1978-01-22,7f736b6cf6e36cdada7694aeca3daa24,1371818531,43.051363,-87.79994599999999,0
299,2020-06-21 13:56:11,3529597930342630,fraud_Jast Ltd,shopping_net,7.06,Melissa,Rodriguez,F,81708 Christopher Plaza,Jordanville,NY,13361,42.8948,-74.8209,824,Travel agency manager,1985-09-01,c92da601dbc38b95ab31be0febc3bf23,1371822971,42.477469,-74.11510200000001,0
452,2020-06-21 14:47:41,2229824890647120,fraud_Bauch-Blanda,entertainment,1.52,Walter,Blair,M,44951 Williams Brooks,Pearlington,MS,39572,30.2508,-89.6011,1414,"Therapist, occupational",1958-02-17,63ae1ab47a5368e552283d53f04a0189,1371826061,29.713001,-90.079349,0
296,2020-06-21 13:55:59,4469777115158234880,fraud_Pouros-Haag,shopping_pos,3.04,Gregory,Graham,M,4005 Dana Glens,Methuen,MA,1844,42.728,-71.181,47249,Market researcher,1980-11-22,8654ebdcdcd2a1091f33088cec2c2e4b,1371822959,43.253934,-70.610812,0
403,2020-06-21 14:30:20,4681601008538160,fraud_Kozey-Boehm,shopping_net,156.72,Tammy,Davis,F,77663 Colleen Freeway,Moundsville,WV,26041,39.9148,-80.73100000000001,16183,Physiotherapist,1977-08-12,172c9b3576b1fb30e7782397c2688978,1371825020,39.88169,-80.606705,0
149,2020-06-21 13:01:36,4990494243023,"fraud_Lesch, D'Amore and Brown",food_dining,6.96,Martin,Ford,M,56812 Francis Courts,Corriganville,MD,21524,39.6967,-78.8031,626,Energy engineer,1960-12-13,4e356cf545db05d550a7fd6938b9e23d,1371819696,39.373197,-78.936159,0
111,2020-06-21 12:47:57,3523843138706408,fraud_Schmidt and Sons,shopping_net,9.17,Grace,Williams,F,28812 Charles Mill Apt. 628,Plantersville,AL,36758,32.6176,-86.9475,1412,Drilling engineer,1970-11-20,cc4cbdd981c4168207c152552049c6c4,1371818877,32.678558,-87.272214,0
353,2020-06-21 14:13:15,180058696935600,"fraud_Bradtke, Torp and Bahringer",personal_care,62.17,Richard,Barnes,M,1339 Johnson Landing Suite 007,De Lancey,NY,13752,42.18899999999999,-74.9229,782,Chartered accountant,2000-08-28,74ee25d38004654854f6cd152122a244,1371823995,41.784549,-75.770698,0
81,2020-06-21 12:39:45,4427805710168,fraud_Bednar PLC,kids_pets,19.41,Michelle,Rodriguez,F,1742 Brandon Squares Apt. 461,Ruidoso,NM,88355,33.3305,-105.6933,8874,Licensed conveyancer,2000-08-16,65aef2c6b0d2975569f05afdd8d23377,1371818385,33.775701,-106.03686,0
441,2020-06-21 14:44:16,377895991033232,fraud_Greenholt Ltd,health_fitness,34.01,Kimberly,Myers,F,6881 King Isle Suite 228,Higganum,CT,6441,41.4682,-72.5751,5438,"Librarian, academic",1964-11-17,123ed9f1bc2a31d28d355cfa4e7682f5,1371825856,40.73109,-71.73349,0
59,2020-06-21 12:32:39,2296006538441789,"fraud_Ruecker, Beer and Collier",shopping_net,9.23,Judy,Hogan,F,4970 Michelle Burgs,Brooklyn,NY,11217,40.6816,-73.9798,2504700,Medical sales representative,1999-09-01,6c2b797c1729405a26268c665c4e5c8d,1371817959,41.49385,-74.258146,0
348,2020-06-21 14:11:03,30266994494236,fraud_Waelchi Inc,kids_pets,94.06,Sarah,Foster,F,77872 Andrea Glen Apt. 543,Ford,VA,23850,37.1349,-77.7364,1051,Chief Operating Officer,1976-11-21,45228e866c4dbc15c7b4ed3490a79108,1371823863,37.19162,-77.29379,0
386,2020-06-21 14:24:59,180084695172649,fraud_Ankunding LLC,shopping_net,98.67,Holly,Mann,F,7644 Joseph Fields,Nokomis,IL,62075,39.3036,-89.2853,3458,Building surveyor,1985-12-08,51fac230026fb45f8c92c2dc49a58ffc,1371824699,39.929746,-89.43789699999999,0
339,2020-06-21 14:09:01,3531129874770000,"fraud_Reinger, Weissnat and Strosin",food_dining,61.03,Shelby,Mitchell,F,974 Cindy Stream,Brandon,VT,5733,43.8065,-73.0882,5895,"Scientist, marine",1975-07-13,c521a5118c758ca4fff9038dde18bf54,1371823741,43.839847,-73.339878,0
470,2020-06-21 14:55:54,2712209726293386,fraud_Kling-Ernser,entertainment,167.02,Jenna,Brooks,F,50872 Alex Plain Suite 088,Baton Rouge,LA,70808,30.4066,-91.1468,378909,"Designer, furniture",1977-02-22,fb6915d0b077146d690f4c7a33be7fec,1371826554,30.63821,-91.497515,0
475,2020-06-21 14:58:20,3583293909206278,fraud_Reilly and Sons,health_fitness,19.03,Deborah,Fisher,F,1911 Fisher Brook,Kirtland Afb,NM,87117,35.0203,-106.5503,310,"Surveyor, land/geomatics",1978-09-30,63c4e7a4d49204bf0f35286e8e62c5f0,1371826700,35.861878000000004,-105.587001,0
375,2020-06-21 14:21:32,4890424426862856940,fraud_Lynch-Wisozk,home,17.5,Jeremy,Whitney,M,0371 Aimee Neck Suite 856,Sacramento,CA,95827,38.5662,-121.3286,757530,Magazine features editor,1979-04-30,767a6505a03775291f01fc2e84540c43,1371824492,39.388925,-121.420945,0
222,2020-06-21 13:29:23,4855853415727304322,fraud_Gerhold LLC,home,15.87,Justin,Aguilar,M,184 Miller Manors,Wittenberg,WI,54499,44.8232,-89.1665,3223,Senior tax professional/tax inspector,1954-06-30,0727558ca9e545ba99bdfc89757c7771,1371821363,45.051656,-89.608719,0
210,2020-06-21 13:24:51,577588686219,fraud_McKenzie-Huels,food_dining,155.02,James,Strickland,M,25454 Leonard Lake,Spring Church,PA,15686,40.6153,-79.4545,972,Public relations account executive,1997-10-23,3fc25ed40b57c2a5a03b4fe18a90a160,1371821091,40.827382,-79.440972,0
117,2020-06-21 12:49:42,213161869125933,fraud_Tillman LLC,travel,2.3,Monica,Lane,F,3270 Scott Islands,East Andover,ME,4226,44.6084,-70.6993,190,Animal nutritionist,1970-04-17,4fa5b0675da2c2de8056876f621c0f69,1371818982,43.70784,-71.15595,0
32,2020-06-21 12:26:13,4302475216404898,"fraud_Zemlak, Tillman and Cremin",personal_care,19.03,Daniel,Cain,M,384 Newman Forks Apt. 370,Belmond,IA,50421,42.8511,-93.62,3032,Community pharmacist,1964-08-08,cd10a7d08e9262899109c06a8e180302,1371817573,42.322809,-94.363655,0
120,2020-06-21 12:51:34,4584931703207308232,fraud_Botsford Ltd,shopping_pos,3.37,Amanda,Gomez,F,8152 Brittany Centers,Dallas,TX,75218,32.8463,-96.6972,1263321,"Designer, ceramics/pottery",1975-04-16,669f6c81e6fe6f99a4bb6c5f2802c1ca,1371819094,32.422918,-96.070476,0
138,2020-06-21 12:57:56,3587960728692500,"fraud_Cronin, Kshlerin and Weber",health_fitness,109.54,Kathy,Hughes,F,02110 Lucas Freeway Suite 517,Battle Creek,IA,51006,42.3327,-95.6045,1075,"Teacher, early years/pre",1997-01-02,97a5689374259165c553e66d3a81d1f8,1371819476,42.079377,-96.459033,0
221,2020-06-21 13:29:22,30234966027947,fraud_Padberg-Sauer,home,81.57,Matthew,Lambert,M,7188 Melissa Crest Apt. 151,New Holstein,WI,53061,43.9446,-88.0911,5196,Child psychotherapist,1978-01-22,6230daff2a5164c8f30d9bfc60457896,1371821362,44.383358,-88.749658,0
304,2020-06-21 13:57:32,4103158249977,fraud_Schaefer Ltd,kids_pets,45.19,Christopher,Adkins,M,3512 Knight Center,Lorenzo,TX,79343,33.6666,-101.5277,1571,Petroleum engineer,1982-06-27,e9fa59dd8ffe82922598ca804bb87bbe,1371823052,33.472934,-100.657705,0
237,2020-06-21 13:34:39,4599285557366057,fraud_Spencer-Runolfsson,misc_pos,35.45,Mary,Williams,F,00315 Ashley Valleys,Burrton,KS,67020,38.0261,-97.6666,1689,Gaffer,1997-11-18,a802a3a360fb94579b6017a3c79ffa67,1371821679,38.730568,-98.102164,0
453,2020-06-21 14:48:50,3540862542587229,fraud_Grimes LLC,entertainment,48.85,Nancy,Roach,F,376 Brown Courts,Yellowstone National Park,WY,82190,44.7957,-110.6137,369,Materials engineer,1941-11-16,56faeaa96c6f8ffa0a131ee8774c9465,1371826130,44.945198,-111.283947,0
427,2020-06-21 14:38:00,6011367958204270,fraud_Predovic Inc,shopping_net,31.66,Tammy,Ayers,F,1652 James Mews,Hinckley,OH,44233,41.2419,-81.7453,7646,Medical sales representative,1988-09-15,e836f0b755271bb391376c8747de5732,1371825480,41.997075,-81.516346,0
153,2020-06-21 13:03:11,3517814635263522,fraud_Bode-Schuster,kids_pets,49.07,William,Cannon,M,43809 Kenneth Circles Suite 152,Union,WV,24983,37.5802,-80.5248,2443,Chartered public finance accountant,1941-10-16,1b3c6309a57bf4c278909a3e443a69be,1371819791,37.234253,-80.919841,0
188,2020-06-21 13:17:11,343472729187663,fraud_Kautzer and Sons,personal_care,4.5,Gloria,Wallace,F,234 Bridges Wells Apt. 389,Center Tuftonboro,NH,3816,43.6849,-71.2551,1368,"Optician, dispensing",1971-08-05,a04f0adf6fe71acac0fcc1b9d398bc25,1371820631,43.602776,-71.19363100000001,0
164,2020-06-21 13:07:55,6011104316292105,fraud_Medhurst PLC,shopping_net,118.21,Valerie,Davis,F,3861 Anderson Ramp Apt. 536,Drakes Branch,VA,23937,36.9688,-78.5615,1970,Energy engineer,1985-09-02,0a4e8eb858470184696ba2026a105361,1371820075,36.46674,-78.785534,0
165,2020-06-21 13:08:25,3582402971899057,fraud_Waelchi Inc,kids_pets,64.36,Michele,Patrick,F,557 Lynn Garden Suite 907,Spirit Lake,ID,83869,47.9657,-116.868,4161,Production manager,1957-06-12,c847bb58c601f2f452b25635b706131b,1371820105,47.57809,-117.293211,0
72,2020-06-21 12:37:03,4755696071492,fraud_Fisher Inc,shopping_net,5.37,Robert,Evans,M,01892 Patricia Vista Apt. 828,Sachse,TX,75048,32.9643,-96.6012,20328,Site engineer,1985-06-20,b75478a228cd12239ac8ec796664c665,1371818223,32.071768,-96.748077,0
280,2020-06-21 13:48:56,676369110710,fraud_Berge-Ullrich,home,66.06,David,Wolfe,M,81261 Garcia Underpass Suite 741,Southfield,MI,48034,42.4969,-83.2911,75830,"Engineer, automotive",1974-12-28,ca8895d3e1602aa0a17cf45d3d269d4f,1371822536,41.968161,-82.300671,0
477,2020-06-21 14:58:46,4063094974360571498,fraud_Zboncak LLC,food_dining,6.55,Patricia,Mendoza,F,1683 Davidson Freeway,Mendon,UT,84325,41.71,-111.9817,2078,"Scientist, audiological",1963-06-13,c4f64549b485d37f18ef7086500f292c,1371826726,40.756040000000006,-112.027357,0
485,2020-06-21 15:01:30,4904681492230012,"fraud_Effertz, Welch and Schowalter",entertainment,62.35,Lisa,Lowe,F,574 David Locks Suite 207,Cottekill,NY,12419,41.8467,-74.1038,722,Comptroller,1990-10-19,dae69107dd096ef0ec9c5d2322dd3d02,1371826890,41.652797,-74.709973,0
479,2020-06-21 14:58:59,3502377050801561,fraud_Marvin-Lind,personal_care,252.46,Kathleen,Martin,F,659 Nicole Cove Suite 560,New Waverly,TX,77358,30.5354,-95.4532,4993,"Scientist, biomedical",1948-11-30,17c12f2274299a55df783dc41ac34009,1371826739,29.742803,-94.781998,0
61,2020-06-21 12:32:51,213156747557083,fraud_White and Sons,home,55.53,Adam,Santos,M,725 Jo Trace Apt. 102,Glendale,CA,91206,34.1556,-118.2322,172817,Advertising account planner,1982-07-30,c97a7d07cc73cb35af508befd2bc452b,1371817971,33.623691,-118.424568,0
320,2020-06-21 14:02:27,4951647200979051,fraud_Kutch-Wilderman,home,18.76,Kimberly,Miller,F,75533 Tamara Valleys,Logan,IL,62856,37.9943,-88.9417,324,"Scientist, research (physical sciences)",1976-06-15,e364cbb43064585db6fef8adad798ae3,1371823347,38.621529,-88.33893,0
409,2020-06-21 14:31:43,3596217206093829,fraud_Spencer-Runolfsson,misc_pos,9.91,Sara,Ramirez,F,23843 Scott Island,Birmingham,IA,52535,40.8626,-91.9534,888,Camera operator,1988-03-25,3a037e9fc851b4251220ba3e3ed6bc06,1371825103,40.044787,-92.283528,0
18,2020-06-21 12:19:56,4861310130652566408,fraud_Morissette LLC,entertainment,80.11,Ashley,Cruz,F,65417 Walsh Radial Suite 691,Saint Amant,LA,70774,30.2385,-90.8435,10076,"Surveyor, rural practice",1977-12-16,71bb6ee81f9af4d2a38bf6af2b614708,1371817196,30.449990000000003,-89.930996,0
400,2020-06-21 14:28:19,4294040533480516,fraud_Rau-Robel,kids_pets,5.63,Gail,Weaver,F,979 Stewart Lake,New Ellenton,SC,29809,33.413000000000004,-81.69,2206,Biomedical scientist,1986-12-31,ff95d98a72d037860cf2b54185a6ef08,1371824899,33.135096000000004,-82.237894,0
328,2020-06-21 14:05:10,2296006538441789,fraud_Kilback LLC,food_dining,25.72,Judy,Hogan,F,4970 Michelle Burgs,Brooklyn,NY,11217,40.6816,-73.9798,2504700,Medical sales representative,1999-09-01,5c4e803cad9329d480093303ec433b30,1371823510,39.886517,-73.95356899999999,0
253,2020-06-21 13:42:08,2720433095629877,fraud_Jacobi and Sons,shopping_pos,7.59,Mark,Wood,M,854 Walker Dale Suite 488,Bowdoin,ME,4287,44.0575,-69.9656,3224,"Engineer, electronics",1997-08-22,fd76f3930f75d59bf4d42018e725c821,1371822128,43.375888,-70.07510400000001,0
206,2020-06-21 13:22:48,4378993458389626,fraud_Schuppe LLC,entertainment,61.47,Travis,Hayes,M,1561 Chase Grove,Conway,NH,3818,43.9742,-71.1503,3807,Surgeon,1999-10-25,27ef45f29c5d7198b4d12a950b4b8f13,1371820968,44.356976,-70.55041700000001,0
499,2020-06-21 15:05:12,2248735346244816,"fraud_Gutmann, McLaughlin and Wiza",home,13.36,Jacob,Weber,M,29156 Mark Park Apt. 108,Utica,KS,67584,38.6411,-100.138,269,Product/process development scientist,1962-11-11,26eba26e748d236f9ae9212d13a49432,1371827112,38.770019,-99.82933,0
195,2020-06-21 13:19:51,4904681492230012,fraud_Kihn Inc,shopping_pos,5.53,Lisa,Lowe,F,574 David Locks Suite 207,Cottekill,NY,12419,41.8467,-74.1038,722,Comptroller,1990-10-19,3f3f4b3fd1cd14f870726cd741a0b819,1371820791,41.346225,-75.015359,0
246,2020-06-21 13:36:53,4956828990005111019,fraud_Eichmann-Kilback,home,106.86,Kenneth,Robinson,M,269 Sanchez Rapids,Elizabeth,NJ,7208,40.6747,-74.2239,124967,Operational researcher,1980-12-21,a8d68a00ff86f0e294769e46529bbb8f,1371821813,40.161309,-74.231936,0
255,2020-06-21 13:42:15,4390966588600992777,"fraud_Streich, Rolfson and Wilderman",kids_pets,140.88,Kyle,Simmons,M,8149 Harris Divide,Oklahoma City,OK,73134,35.6174,-97.5583,640470,Advertising copywriter,1966-06-24,ff277328ef52e034054377011e166da0,1371822135,36.487564,-97.845069,0
416,2020-06-21 14:34:38,4228411452607671,fraud_Carroll PLC,health_fitness,124.73,Aaron,Stewart,M,400 Zuniga Pine,Winthrop,ME,4364,44.3229,-69.9576,6025,Advertising account planner,1995-04-22,5f87d710757caa8ca8092a1bce999c91,1371825278,45.047199,-69.451474,0
24,2020-06-21 12:21:47,372509258176510,"fraud_Watsica, Haag and Considine",shopping_pos,9.87,Kristen,Hanson,F,26544 Andrea Glen,Goodrich,MI,48438,42.9147,-83.4845,6951,Learning disability nurse,1985-06-18,df862b772cfb9ca0d621c259df11a652,1371817307,43.702833,-83.750248,0
361,2020-06-21 14:15:33,180094419304907,fraud_Crooks and Sons,personal_care,7.6,Sharon,Smith,F,17666 David Valleys,Sun City,CA,92585,33.7467,-117.1721,54287,"Designer, exhibition/display",1972-09-22,cddfd49de0abf722ad50ca91d0842a47,1371824133,32.788007,-117.577349,0
472,2020-06-21 14:56:36,4939976756738216,fraud_Windler LLC,kids_pets,21.31,Michelle,Johnston,F,3531 Hamilton Highway,Roma,TX,78584,26.4215,-99.0025,18128,IT trainer,1990-11-07,1cd4c5022ab19c86cec010cf264e2fd7,1371826596,25.680009,-99.987469,0
420,2020-06-21 14:34:55,371284100299909,fraud_Friesen Inc,shopping_pos,9.81,Hannah,Thomas,F,1004 Willis Pass,Hedley,TX,79237,34.8698,-100.6806,513,Early years teacher,1976-05-24,f92d4f252b5d5e6ca1f8cb3fa53a384a,1371825295,35.843207,-100.502663,0
275,2020-06-21 13:48:02,4836998673805450,fraud_Hills-Witting,shopping_net,6.82,Susan,Hardy,F,516 Brown Parks,Manistique,MI,49854,46.0062,-86.2555,6469,Trade mark attorney,1979-04-12,d79d56be64e59e029760dc6efe2c3ab8,1371822482,45.386934,-86.244865,0
8,2020-06-21 12:16:10,3596357274378601,"fraud_Goyette, Howell and Collier",shopping_pos,4.37,David,Everett,M,4138 David Fall,Morrisdale,PA,16858,41.0001,-78.2357,3688,Advice worker,1973-05-27,71a1da150d1ce510193d7622e08e784e,1371816970,41.546067,-78.120238,0
501,2020-06-21 15:06:14,6011542681743618,fraud_Pagac LLC,shopping_pos,8.18,Emily,Hall,F,8851 Reese Neck,Basye,VA,22810,38.8089,-78.7776,863,"Engineer, mining",1972-08-09,5c86bdb9363493381adfe7a585136edc,1371827174,37.896448,-78.107834,0
319,2020-06-21 14:02:18,6011893664860915,fraud_Weimann-Lockman,kids_pets,73.57,Erin,Chavez,F,3379 Williams Common,Littleton,CO,80120,39.5994,-105.0044,320420,Water engineer,1975-07-31,b031101d820f6ec2704a76617a5d6bd3,1371823338,38.808567,-104.877216,0
444,2020-06-21 14:44:50,38530489946071,fraud_Bins-Howell,personal_care,24.55,Laura,Johns,F,95835 Garcia Rue,Arcadia,SC,29320,34.9572,-81.9916,530,Animal technologist,1989-05-14,26738665171f877f251acf5be71c52ac,1371825890,35.730642,-82.762642,0
0,2020-06-21 12:14:25,2291163933867244,fraud_Kirlin and Sons,personal_care,2.86,Jeff,Elliott,M,351 Darlene Green,Columbia,SC,29209,33.9659,-80.9355,333497,Mechanical engineer,1968-03-19,2da90c7d74bd46a0caf3777415b3ebd3,1371816865,33.986391,-81.200714,0
351,2020-06-21 14:12:21,3598215285024754,fraud_Heller PLC,health_fitness,27.68,Ashley,Lopez,F,9333 Valentine Point,Bellmore,NY,11710,40.6729,-73.5365,34496,"Librarian, public",1970-10-21,57fa836d09159b8884c4d67149647eb7,1371823941,40.814304,-74.158911,0
115,2020-06-21 12:48:57,30199621383748,"fraud_Roob, Conn and Tremblay",shopping_pos,68.51,Theresa,Powell,F,117 Natasha Vista Suite 936,Leonard,TX,75452,33.4044,-96.2238,4090,Sub,1977-03-23,bd5f6bdf511756c4bcd0899b4e7ae167,1371818937,32.852509000000005,-95.443675,0
